{"cameraMode":{"drawMode":0,"name":"Shaded","section":"Shading Mode"},"sceneLighting":true,"audioPlay":false,"sceneViewState":{"showFog":true,"showMaterialUpdate":false,"showSkybox":true,"showFlares":true,"showImageEffects":true,"showParticleSystems":true},"in2DMode":false,"pivot":{"x":6.703712463378906,"y":-1.4584789276123047,"z":4.704521179199219},"rotation":{"x":0.20979569852352143,"y":-0.3565579652786255,"z":0.08253655582666397,"w":0.9066809415817261},"size":27.648530960083009,"orthographic":false}