{"cameraMode":{"drawMode":0,"name":"Shaded","section":"Shading Mode"},"sceneLighting":true,"audioPlay":false,"sceneViewState":{"showFog":true,"showMaterialUpdate":false,"showSkybox":true,"showFlares":true,"showImageEffects":true,"showParticleSystems":true},"in2DMode":false,"pivot":{"x":12.69287109375,"y":4.8056640625,"z":-3.4619140625},"rotation":{"x":0.17125730216503144,"y":-0.3325498104095459,"z":0.06154513359069824,"w":0.925362229347229},"size":11.828886032104493,"orthographic":true}