{"cameraMode":{"drawMode":0,"name":"Shaded","section":"Shading Mode"},"sceneLighting":true,"audioPlay":false,"sceneViewState":{"showFog":true,"showMaterialUpdate":false,"showSkybox":true,"showFlares":true,"showImageEffects":true,"showParticleSystems":true},"in2DMode":false,"pivot":{"x":-30.329221725463868,"y":26.86618423461914,"z":-30.26704978942871},"rotation":{"x":0.03539310768246651,"y":-0.9190630316734314,"z":0.08488564193248749,"w":0.3832561671733856},"size":70.311767578125,"orthographic":false}