{"cameraMode":{"drawMode":0,"name":"Shaded","section":"Shading Mode"},"sceneLighting":true,"audioPlay":false,"sceneViewState":{"showFog":true,"showMaterialUpdate":false,"showSkybox":true,"showFlares":true,"showImageEffects":true,"showParticleSystems":true},"in2DMode":false,"pivot":{"x":7.784704208374023,"y":11.831445693969727,"z":1.605595588684082},"rotation":{"x":0.31276896595954897,"y":-0.27467671036720278,"z":0.0950053483247757,"w":0.9042701125144959},"size":48.84667205810547,"orthographic":true}