{"cameraMode":{"drawMode":0,"name":"Shaded","section":"Shading Mode"},"sceneLighting":true,"audioPlay":false,"sceneViewState":{"showFog":true,"showMaterialUpdate":false,"showSkybox":true,"showFlares":true,"showImageEffects":true,"showParticleSystems":true},"in2DMode":false,"pivot":{"x":9.85851764678955,"y":10.85129165649414,"z":31.228185653686525},"rotation":{"x":-0.07527827471494675,"y":0.9106437563896179,"z":-0.19124272465705872,"w":-0.35845354199409487},"size":7.2347283363342289,"orthographic":false}