{"cameraMode":{"drawMode":0,"name":"Shaded","section":"Shading Mode"},"sceneLighting":true,"audioPlay":false,"sceneViewState":{"showFog":true,"showMaterialUpdate":false,"showSkybox":true,"showFlares":true,"showImageEffects":true,"showParticleSystems":true},"in2DMode":false,"pivot":{"x":292.4249267578125,"y":506.3161926269531,"z":387.43365478515627},"rotation":{"x":0.24771179258823396,"y":-0.6913279294967651,"z":0.276210218667984,"w":0.6200328469276428},"size":9.567377090454102,"orthographic":false}