{"cameraMode":{"drawMode":0,"name":"Shaded","section":"Shading Mode"},"sceneLighting":true,"audioPlay":false,"sceneViewState":{"showFog":true,"showMaterialUpdate":false,"showSkybox":true,"showFlares":true,"showImageEffects":true,"showParticleSystems":true},"in2DMode":false,"pivot":{"x":11.756651878356934,"y":12.061869621276856,"z":4.3359174728393559},"rotation":{"x":0.08498215675354004,"y":-0.6808937788009644,"z":0.08002999424934387,"w":0.7230240106582642},"size":17.85590934753418,"orthographic":false}