{"cameraMode":{"drawMode":0,"name":"Shaded","section":"Shading Mode"},"sceneLighting":true,"audioPlay":false,"sceneViewState":{"showFog":true,"showMaterialUpdate":false,"showSkybox":true,"showFlares":true,"showImageEffects":true,"showParticleSystems":true},"in2DMode":false,"pivot":{"x":523.92333984375,"y":155.20521545410157,"z":573.2156372070313},"rotation":{"x":0.20947101712226869,"y":-0.6916404366493225,"z":0.22124996781349183,"w":0.6548516750335693},"size":68.44404602050781,"orthographic":false}